"eventName","startTime","endTime","location","organizer","attendees","recurring","meetingLink","description"
,,,,,,"No","None",
"Maddie Yan's Zoom Meeting","Fri Sep 09 2022 14:30:00 GMT+0800 (Hong Kong Standard Time)","Fri Sep 09 2022 16:00:00 GMT+0800 (Hong Kong Standard Time)","https://hkis.zoom.us/j/7196604316?pwd=cVM1UWViY2lXUk8zai9wNzNacnlFQT09",,,"No","None","Maddie Yan is inviting you to a scheduled Zoom meeting.

Join Zoom Meeting
https://hkis.zoom.us/j/7196604316?pwd=cVM1UWViY2lXUk8zai9wNzNacnlFQT09

Meeting ID: 719 660 4316
Passcode: 731230
One tap mobile
+16468769923,,7196604316